Sample,pop,AHT_142,,REN105L03,,CPH18,,CPH8,,REN54P11,,RF2001Fam,,RFcph2,,fh2088,,REN162C04,,AHTh171,,INU055,,fh2010,,fh2004,
F16-034,K2,124,134,162,174,170,170,182,182,202,204,212,224,94,94,100,118,170,174,176,178,208,210,230,234,240,240
F16-160,K2,124,130,168,172,170,176,178,184,196,202,208,212,94,110,92,114,172,174,178,178,210,216,230,234,240,240
F16-187,K2,134,134,168,172,172,172,170,178,198,204,212,212,98,98,114,122,176,180,170,180,214,216,230,234,240,240
F16-222,K2,134,134,164,166,170,170,172,182,202,206,212,220,94,94,92,118,174,178,168,176,208,212,234,234,240,240
F16-258,K2,124,134,166,172,170,170,168,172,200,204,212,220,94,94,92,122,174,178,178,182,210,216,230,230,240,240
F16-263,K2,132,138,168,170,170,172,172,172,200,204,208,212,98,98,92,114,174,174,178,178,210,210,234,234,240,240
F16-040,K2,124,134,162,172,170,170,172,172,208,208,204,220,94,94,92,122,170,178,-99,-99,210,216,230,230,240,240
F16-158,K2,130,140,172,172,176,176,178,182,196,196,212,212,94,94,100,114,170,172,178,178,210,212,230,230,-99,-99
F16-038,K1,128,130,160,162,170,178,-99,-99,204,208,212,220,84,84,104,108,176,176,158,158,218,218,218,222,238,260
F16-048,K1,130,132,154,160,168,178,174,174,210,216,220,220,84,84,108,108,174,174,172,172,212,216,222,222,260,260
F16-063,K1,130,130,162,164,168,180,172,174,206,214,216,220,84,84,104,108,174,190,158,170,218,222,218,218,246,260
F16-066,K1,132,132,154,154,170,172,174,174,206,206,216,220,84,84,104,112,176,176,158,164,214,222,222,222,242,260
F16-086,K1,132,132,162,164,178,180,174,174,212,214,216,220,84,84,100,108,170,174,170,170,210,218,222,222,260,260
F16-095,K1,122,132,166,170,178,178,174,174,204,212,216,220,84,84,104,108,176,176,158,174,214,216,218,222,260,260
F16-100,K1,130,134,160,164,178,180,-99,-99,204,210,216,220,84,84,108,116,174,176,158,170,212,218,218,226,242,260
F16-106,K1,130,132,154,160,168,178,174,174,210,216,220,220,84,84,108,108,158,174,172,172,212,216,222,222,260,260
F16-119b,K1,132,132,154,154,170,172,174,174,206,212,216,220,84,86,104,108,176,176,170,172,216,218,222,222,246,260
F16-121,K1,132,132,160,162,168,178,174,174,204,204,220,220,84,84,104,108,174,176,158,172,210,210,222,222,246,246
F16-124,K1,130,140,154,160,178,180,-99,-99,206,212,224,224,84,84,104,108,176,182,-99,-99,210,218,218,218,260,260
F16-126,K1,130,132,154,162,178,178,174,174,206,212,216,220,84,84,104,108,176,176,170,172,216,218,222,222,246,260
F16-128,K1,132,140,160,162,170,178,174,174,206,216,220,220,84,86,104,108,176,186,172,172,216,216,218,222,242,260
F16-130,K1,132,132,-99,-99,168,168,174,174,206,212,-99,-99,84,86,108,108,174,184,158,166,220,220,218,222,240,260
F16-135,K1,130,132,160,162,174,178,174,174,206,206,216,220,84,84,104,112,158,176,158,170,212,216,218,222,246,260
F16-138,K1,132,132,162,164,178,180,174,174,212,214,216,220,84,86,100,108,170,174,170,170,210,218,222,222,260,260
F16-140,K1,132,132,164,164,174,178,174,174,208,212,216,220,84,84,104,108,174,174,158,158,210,222,222,222,260,260
F16-146,K1,130,134,160,164,178,178,174,174,204,206,220,224,84,84,104,108,176,176,158,172,220,220,222,222,242,260
F16-152,K1,124,132,162,162,168,176,174,174,210,218,220,220,84,84,104,108,174,176,170,172,212,218,218,218,246,246
F16-156,K1,128,132,154,166,176,178,-99,-99,210,212,216,220,84,84,108,112,176,176,158,170,216,220,222,222,246,260
F16-161,K1,132,132,160,164,178,180,-99,-99,210,212,220,220,84,84,100,104,174,176,158,172,216,222,222,222,260,260
F16-166,K1,132,132,154,154,164,168,174,174,206,206,220,220,84,84,104,104,176,176,158,160,212,212,218,222,242,260
F16-168,K1,132,134,-99,-99,178,178,174,174,204,216,220,220,84,84,104,104,178,186,170,172,210,218,222,222,260,262
F16-171,K1,132,140,150,154,168,178,172,174,206,210,216,216,86,86,104,104,174,190,172,172,216,222,218,222,260,260
F16-177,K1,128,132,164,166,172,178,174,174,204,210,220,226,76,84,108,108,176,176,158,158,210,220,222,226,260,260
F16-180,K1,130,130,160,164,178,180,174,184,210,212,220,220,84,84,104,108,176,176,158,158,220,220,222,222,242,260
F16-184,K1,124,132,154,160,178,180,174,174,204,216,216,220,84,84,104,108,176,176,170,174,210,222,218,222,260,260
F16-188,K1,132,132,150,162,168,178,174,174,214,218,220,220,76,84,104,108,174,176,170,170,220,222,218,222,246,260
F16-193,K1,126,140,162,164,168,178,174,176,210,212,216,220,84,84,104,104,176,176,172,172,210,222,218,222,242,260
F16-196,K1,126,130,160,168,168,178,174,174,214,218,220,220,84,84,104,108,174,176,170,172,210,222,222,226,242,262
F16-197,K1,128,132,154,160,168,172,174,174,206,210,220,220,84,84,104,108,176,176,172,174,220,222,222,226,260,260
F16-215b,K1,130,132,160,166,168,178,178,184,206,214,216,220,84,84,104,112,170,190,158,162,218,222,218,226,242,260
F16-219,K1,124,132,162,162,168,176,174,174,210,218,220,220,84,84,104,108,174,176,170,172,220,220,222,222,242,260
F16-220,K1,124,132,162,164,178,178,174,174,216,218,216,220,84,84,104,108,176,184,160,170,210,222,218,222,246,260
F16-224,K1,124,132,164,166,170,180,174,174,208,214,216,220,84,84,100,108,176,176,158,158,220,222,222,226,246,260
F16-227,K1,124,132,160,160,172,176,174,174,208,212,220,220,84,84,104,108,174,190,160,170,222,222,218,222,242,260
F16-230,K1,124,130,160,162,164,178,174,174,208,208,212,220,84,84,104,108,176,176,158,174,212,216,218,222,260,260
F16-237b,K1,130,132,162,166,168,174,174,174,208,210,216,216,84,84,104,112,176,176,158,158,210,216,218,222,246,260
F16-241,K1,130,132,160,162,168,178,174,174,206,210,216,220,84,86,108,108,176,176,172,172,214,218,222,226,260,260
F16-243,K1,132,132,162,164,168,178,-99,-99,204,212,220,220,84,84,104,104,176,176,162,174,216,218,218,222,260,260
F16-244,K1,128,132,150,162,176,180,174,174,210,216,220,224,84,84,100,104,176,176,158,158,210,222,222,226,242,260
F16-249,K1,132,140,160,160,168,178,174,174,204,208,220,220,86,86,104,112,176,180,158,170,212,216,222,226,260,260
F16-252b,K1,132,132,154,160,170,170,-99,-99,206,206,220,220,86,86,104,108,176,192,172,174,210,220,222,222,246,260
F16-264,K1,132,132,162,166,178,178,174,174,204,214,220,224,86,86,100,100,176,190,172,174,210,222,218,222,242,260
F16-272b,K1,130,132,154,164,168,168,184,184,212,212,216,224,84,86,104,108,174,174,158,158,214,214,222,222,242,260
F16-275b,K1,132,132,160,164,178,178,174,184,212,216,220,220,84,86,104,108,174,174,158,172,212,222,222,226,242,246
F16-277b,K1,130,132,154,164,168,168,184,184,212,216,224,224,84,86,104,108,174,174,158,160,214,222,222,222,242,260
F16-279,K1,132,132,166,168,178,178,174,174,208,210,216,216,84,84,104,104,174,174,158,172,220,222,222,222,260,260
F16-285b,K1,128,132,162,162,170,178,174,174,210,216,216,220,84,84,104,108,176,184,166,170,218,222,222,222,242,262
F16-302,K1,124,130,-99,-99,168,178,174,174,206,216,220,220,84,84,104,112,176,190,158,158,218,222,218,222,246,260
