Sample,genotype,SoH49,N_S_39_1,duplicate,STR,Allelematch,CXX.402,CXX.402.2,AHT.142,AHT.142.2,REN105L03,REN105L03.2,CPH18,CPH18.2,CPH8,CPH8.2,REN54P11,REN54P11.2,RF2001Fam,RF2001Fam.2,,RFcph 2,RFcph 2.2,fh2088,fh2088.2,REN162C04,REN162C04.2,AHTh171,AHTh171.2,INU055,INU055.2,fh2010,fh2010.2,fh2004,fh2004.2,Tot%,Str Used,lat,long
F16-166,NE,E,N,9,Y,Yes,78,78,132,132,154,154,164,168,174,174,206,206,220,220,,84,84,104,104,176,176,158,160,212,212,218,222,242,260,100,93,39.16623,-120.95308
F16-168,NE,E,N,10,Y,Yes,78,78,132,134,-99,-99,178,178,174,174,204,216,220,220,,84,84,104,104,178,186,170,172,210,218,222,222,260,260,92.85714286,93,39.16517,-120.95253
F16-230,NE,E,N,12,Y,Yes,78,78,124,130,160,162,164,178,174,174,208,208,212,220,,84,84,104,108,176,176,158,174,212,216,218,222,260,260,100,93,39.3095,-120.82089
F16-227,NE,E,N,13,Y,Yes,78,78,124,132,160,160,172,176,174,174,208,212,220,220,,84,84,104,108,174,190,160,170,222,222,218,222,242,260,100,93,39.31178,-120.82503
F16-034,NE,E,N,UN,,Yes,-99,-99,124,134,162,174,170,170,182,182,202,204,212,224,,94,94,100,118,170,174,176,178,208,210,230,234,240,240,92.85714286,93,39.13608,-121.04546
F16-040,NE,E,N,UN,,Yes,-99,-99,124,134,162,172,170,170,172,172,208,208,204,220,,94,94,92,122,170,178,-99,-99,210,216,230,230,240,240,85.71428571,86,39.30117,-120.91896
F16-222,NE,E,N,UN,,Yes,-99,-99,134,134,164,166,170,170,172,182,202,206,212,220,,94,94,92,118,174,178,168,176,208,212,234,234,240,240,92.85714286,93,39.31669,-120.81465
F16-258,NE,E,N,UN,,Yes,-99,-99,124,134,166,172,170,170,168,172,200,204,212,220,,94,94,92,122,174,178,178,182,210,216,230,230,240,240,92.85714286,93,39.32802,-120.76041
F16-171,NE,E,N,UN,,Yes,78,78,132,140,150,154,168,178,172,174,206,210,216,216,,86,86,104,104,174,190,172,172,216,222,218,222,260,260,100,93,39.16568,-120.9688
F16-197,NE,E,N,UN,,Yes,78,78,128,132,154,160,168,172,174,174,206,210,220,220,,84,84,104,108,176,176,172,174,220,222,222,226,260,260,100,93,39.17721,-120.99743
F16-196,NE,E,N,UN,,Yes,78,78,126,130,160,168,168,178,174,174,214,218,220,220,,84,84,104,108,174,176,170,172,210,222,222,226,242,262,100,93,39.17745,-120.99669
F16-193,NE,E,N,UN,,Yes,78,78,126,140,162,164,168,178,174,176,210,212,216,220,,84,84,104,104,176,176,172,172,210,222,218,222,242,260,100,93,39.18757,-120.99966
F16-241,NE,E,N,UN,,Yes,78,80,130,132,160,162,168,178,174,174,206,210,216,220,,84,86,108,108,176,176,172,172,214,218,222,226,260,260,100,93,39.24273,-120.91092
F16-243,NE,E,N,UN,,Yes,78,78,132,132,162,164,168,178,-99,-99,204,212,220,220,,84,84,104,104,176,176,162,174,216,218,218,222,260,260,92.85714286,93,39.24443,-120.89095
F16-244,NE,E,N,UN,,Yes,78,78,128,132,150,162,176,180,174,174,210,216,220,224,,84,84,100,104,176,176,158,158,210,222,222,226,242,260,100,93,39.24497,-120.88875
F16-038,NE,E,N,UN,,Yes,78,78,128,130,160,162,170,178,-99,-99,204,208,212,220,,84,84,104,108,176,176,158,158,218,218,218,222,238,260,92.85714286,93,39.31054,-120.91349
F16-237b,NE,E,N,UN,,Yes,78,78,130,132,162,166,168,174,174,174,208,210,216,216,,84,84,104,112,176,176,158,158,210,216,218,222,246,260,100,93,39.31275,-120.80121
F16-224,NE,E,N,UN,,Yes,78,78,124,132,164,166,170,180,174,174,208,214,216,220,,84,84,100,108,176,176,158,158,220,222,222,226,246,260,100,93,39.31688,-120.81556
F16-249,NE,E,N,UN,,Yes,78,78,132,140,160,160,168,178,174,174,204,208,220,220,,86,86,104,112,176,180,158,170,212,216,222,226,260,260,100,93,39.3177,-120.7806
F16-252b,NE,E,N,UN,,Yes,78,78,132,132,154,160,170,170,-99,-99,206,206,220,220,,86,86,104,108,176,192,172,174,210,220,222,222,246,260,92.85714286,93,39.32089,-120.75702
F16-135,NW,W,N,4,Y,Yes,76,76,130,132,160,162,174,178,174,174,206,206,216,220,,84,84,104,112,158,176,158,170,212,216,218,222,246,260,100,93,39.12271,-121.10601
F16-138,NW,W,N,UN,,Yes,78,78,132,132,162,164,178,180,174,174,212,214,216,220,,84,86,100,108,170,174,170,170,210,218,222,222,260,260,100,93,39.12332,-121.10886
F16-146,SE,E,S,7,Y,Yes,78,78,130,134,160,164,178,178,174,174,204,206,220,224,,84,84,104,108,176,176,158,172,220,220,222,222,242,260,100,93,38.98933,-121.06999
F16-152,SE,E,S,8,Y,Yes,78,78,124,132,162,162,168,176,174,174,210,218,220,220,,84,84,104,108,174,176,170,172,212,218,218,218,246,246,100,93,38.98054,-121.07294
F16-215b,SE,E,S,11,Y,Yes,78,78,130,132,160,166,168,178,178,184,206,214,216,220,,84,84,104,112,170,190,158,162,218,222,218,226,242,260,100,93,39.00099,-121.06932
F16-160,SE,E,S,UN,,Yes,-99,-99,124,130,168,172,170,176,178,184,196,202,208,212,,94,110,92,114,172,174,178,178,210,216,230,234,240,240,92.85714286,93,38.99155,-121.07152
F16-158,SE,E,S,UN,,Yes,-99,-99,130,140,172,172,176,176,178,182,196,196,212,212,,94,94,100,114,170,172,178,178,210,212,230,230,-99,-99,85.71428571,86,38.99254,-121.07275
F16-219,SE,E,S,UN,,Yes,78,78,124,132,162,162,168,176,174,174,210,218,220,220,,84,84,104,108,174,176,170,172,220,220,222,222,242,260,100,93,38.99071,-121.07887
F16-220,SE,E,S,UN,,Yes,78,80,124,132,162,164,178,178,174,174,216,218,216,220,,84,84,104,108,176,184,160,170,210,222,218,222,246,260,100,93,38.99071,-121.07887
F16-161,SE,E,S,UN,,Yes,78,78,132,132,160,164,178,180,-99,-99,210,212,220,220,,84,84,100,104,174,176,158,172,216,222,222,222,260,260,92.85714286,93,38.99125,-121.0716
F16-156,SE,E,S,UN,,Yes,78,78,128,132,154,166,176,178,-99,-99,210,212,216,220,,84,84,108,112,176,176,158,170,216,220,222,222,246,260,92.85714286,93,38.99244,-121.0754
F16-140,SE,E,S,UN,,Yes,78,80,132,132,164,164,174,178,174,174,208,212,216,220,,84,84,104,108,174,174,158,158,210,222,222,222,260,260,100,93,38.992907,-121.050195
F16-272b,SE,E,S,UN,,Yes,78,78,130,132,154,164,168,168,184,184,212,212,216,224,,84,86,104,108,174,174,158,158,214,214,222,222,242,260,100,93,39.06225803,-121.006035
F16-275b,SE,E,S,UN,,Yes,78,78,132,132,160,164,178,178,174,184,212,216,220,220,,84,86,104,108,174,174,158,172,212,222,222,226,242,246,100,93,39.06815998,-121.010203
F16-302,SE,E,S,UN,,Yes,78,78,124,130,-99,-99,168,178,174,174,206,216,220,220,,84,84,104,112,176,190,158,158,218,222,218,222,246,260,92.85714286,93,39.07021598,-121.080471
F16-277b,SE,E,S,UN,,Yes,78,78,130,132,154,164,168,168,184,184,212,216,224,224,,84,86,104,108,174,174,158,160,214,222,222,222,242,260,100,93,39.0759,-121.004588
F16-130,SE,E,S,UN,,Yes,78,78,132,132,-99,-99,168,168,174,174,206,212,-99,-99,,84,86,108,108,174,184,158,166,220,220,218,222,240,260,85.71428571,86,39.08272798,-121.001839
F16-279,SE,E,S,UN,,Yes,78,78,132,132,166,168,178,178,174,174,208,210,216,216,,84,84,104,104,174,174,158,172,220,222,222,222,260,260,100,93,39.08783399,-121.001564
F16-285b,SE,E,S,UN,,Yes,78,78,128,132,162,162,170,178,174,174,210,216,216,220,,84,84,104,108,176,184,166,170,218,222,222,222,242,262,100,93,39.09721602,-121.000389
F16-048,SW,W,S,1,Y,Yes,78,78,130,132,154,160,168,178,174,174,210,216,220,220,,84,84,108,108,174,174,172,172,212,216,222,222,260,260,100,93,39.00009,-121.13532
F16-063,SW,W,S,2,Y,Yes,78,78,130,130,162,164,168,180,172,174,206,214,216,220,,84,84,104,108,174,190,158,170,218,222,218,218,246,260,100,93,38.89212,-121.10624
F16-106,SW,W,S,3,Y,Yes,78,78,130,132,154,160,168,178,174,174,210,216,220,220,,84,84,108,108,158,174,172,172,212,216,222,222,260,260,100,93,38.89308,-121.10735
F16-095,SW,W,S,6,Y,Yes,78,78,122,132,166,170,178,178,174,174,204,212,216,220,,84,84,104,108,176,176,158,174,214,216,218,222,260,260,100,93,38.973913,-121.13528
F16-187,SW,W,S,UN,,Yes,-99,-99,134,134,168,172,172,172,170,178,198,204,212,212,,98,98,114,122,176,180,170,180,214,216,230,234,240,240,92.85714286,93,38.96917,-121.19759
F16-263,SW,W,S,UN,,Yes,-99,-99,132,138,168,170,170,172,172,172,200,204,208,212,,98,98,92,114,174,174,178,178,210,210,234,234,240,240,92.85714286,93,39.05651,-121.11108
F16-066,SW,W,S,UN,,Yes,80,80,132,132,154,154,170,172,174,174,206,206,216,220,,84,84,104,112,176,176,158,164,214,222,222,222,242,260,100,93,38.8922,-121.10624
F16-121,SW,W,S,UN,,Yes,78,78,132,132,160,162,168,178,174,174,204,204,220,220,,84,84,104,108,174,176,158,172,210,210,222,222,246,246,100,93,38.89363,-121.13145
F16-119b,SW,W,S,UN,,Yes,78,80,132,132,154,154,170,172,174,174,206,212,216,220,,84,86,104,108,176,176,170,172,216,218,222,222,246,260,100,93,38.89398,-121.13244
F16-100,SW,W,S,UN,,Yes,78,78,130,134,160,164,178,180,-99,-99,204,210,216,220,,84,84,108,116,174,176,158,170,212,218,218,226,242,260,92.85714286,93,38.90069,-121.08891
F16-128,SW,W,S,UN,,Yes,78,78,132,140,160,162,170,178,174,174,206,216,220,220,,84,86,104,108,176,186,172,172,216,216,218,222,242,260,100,93,38.95054,-121.12597
F16-177,SW,W,S,UN,,Yes,78,78,128,132,164,166,172,178,174,174,204,210,220,226,,76,84,108,108,176,176,158,158,210,220,222,226,260,260,100,93,38.96603,-121.17032
F16-180,SW,W,S,UN,,Yes,78,78,130,130,160,164,178,180,174,184,210,212,220,220,,84,84,104,108,176,176,158,158,220,220,222,222,242,260,100,93,38.96603,-121.17032
F16-188,SW,W,S,UN,,Yes,78,78,132,132,150,162,168,178,174,174,214,218,220,220,,76,84,104,108,174,176,170,170,220,222,218,222,246,260,100,93,38.96889,-121.19733
F16-126,SW,W,S,UN,,Yes,78,78,130,132,154,162,178,178,174,174,206,212,216,220,,84,84,104,108,176,176,170,172,216,218,222,222,246,260,100,93,38.97564,-121.13702
F16-184,SW,W,S,UN,,Yes,78,80,124,132,154,160,178,180,174,174,204,216,216,220,,84,84,104,108,176,176,170,174,210,222,218,222,260,260,100,93,38.97648,-121.20338
F16-124,SW,W,S,UN,,Yes,78,78,130,140,154,160,178,180,-99,-99,206,212,224,224,,84,84,104,108,176,182,-99,-99,210,218,218,218,260,260,85.71428571,86,38.98299,-121.13543
F16-264,SW,W,S,UN,,Yes,80,80,132,132,162,166,178,178,174,174,204,214,220,224,,86,86,100,100,176,190,172,174,210,222,218,222,242,260,100,93,39.06398,-121.11411
